provider_id,total_claims,readmission_rate,er_visit_rate,preventive_care_rate,avg_allowed_amount,avg_paid_amount,total_paid_amount,avg_los_days,hedis_composite_score,patient_satisfaction,care_coordination_score,generic_rx_rate
PROV0001,621,0.132,0.1868,0.343,2627.08,2183.89,1356194.24,0.929,0.914,0.785,0.912,0.879
PROV0002,610,0.123,0.1705,0.341,2547.44,2096.35,1278770.91,1.059,0.883,0.859,0.861,0.75
PROV0003,631,0.1014,0.1933,0.3661,2770.81,2271.76,1433482.62,0.979,0.836,0.736,0.908,0.723
PROV0004,645,0.1256,0.2047,0.3628,3005.33,2488.19,1604879.95,0.961,0.764,0.749,0.81,0.635
PROV0005,616,0.112,0.1818,0.3312,3234.31,2678.71,1650085.27,0.966,0.887,0.761,0.812,0.868
PROV0006,627,0.1276,0.1882,0.3397,3353.47,2775.16,1740026.89,1.0,0.763,0.75,0.86,0.755
PROV0007,613,0.1142,0.2088,0.3344,2466.97,2021.17,1238975.98,0.876,0.947,0.75,0.857,0.799
PROV0008,567,0.1111,0.1852,0.3651,4558.82,3806.28,2158162.8,0.972,0.458,0.493,0.511,0.554
PROV0009,636,0.1368,0.1903,0.3506,3244.46,2673.5,1700344.9,1.017,0.759,0.754,0.857,0.761
PROV0010,598,0.1037,0.1806,0.3261,3389.98,2787.85,1667132.09,0.886,0.799,0.691,0.868,0.642
PROV0011,668,0.0913,0.1722,0.3473,4593.43,3800.69,2538859.08,0.897,0.598,0.574,0.643,0.565
PROV0012,631,0.1204,0.1918,0.3677,3230.5,2665.68,1682041.83,0.927,0.833,0.777,0.855,0.819
PROV0013,608,0.1217,0.2039,0.3503,2786.73,2278.55,1385357.65,0.951,0.95,0.878,0.933,0.726
PROV0014,606,0.1419,0.1634,0.3498,2777.43,2287.36,1386139.33,1.038,0.923,1.0,1.0,0.713
PROV0015,577,0.1213,0.175,0.3293,3380.68,2792.77,1611427.47,0.917,0.702,0.581,0.649,0.784
PROV0016,620,0.121,0.1774,0.3468,3134.47,2568.59,1592527.57,1.016,0.795,0.73,0.85,0.564
PROV0017,628,0.1226,0.1911,0.3248,3246.59,2698.31,1694537.46,0.884,0.775,0.648,0.79,0.845
PROV0018,624,0.1074,0.2131,0.3542,3459.41,2814.14,1756023.28,0.832,0.893,0.863,0.929,0.594
PROV0019,603,0.1144,0.1791,0.3532,2864.64,2349.53,1416768.92,0.939,0.919,0.813,0.963,0.724
PROV0020,639,0.1205,0.1706,0.3427,3551.98,2938.8,1877895.05,0.95,0.74,0.77,0.764,0.626
PROV0021,633,0.109,0.1754,0.3776,4147.78,3420.74,2165326.28,1.009,0.536,0.576,0.522,0.742
PROV0022,623,0.1156,0.1814,0.3403,3948.73,3283.62,2045692.32,0.881,0.671,0.635,0.673,0.916
PROV0023,626,0.1102,0.1853,0.361,2824.18,2344.64,1467742.4,0.946,0.85,0.801,0.951,0.658
PROV0024,626,0.123,0.1869,0.3403,3135.59,2576.2,1612703.68,0.974,0.673,0.695,0.678,0.68
PROV0025,604,0.1175,0.1556,0.3411,3475.63,2850.15,1721488.1,0.988,0.886,0.883,0.968,0.613
PROV0026,629,0.1145,0.1892,0.3021,2714.01,2251.71,1416325.79,1.075,0.798,0.823,0.841,0.895
PROV0027,649,0.1371,0.1495,0.3251,3365.75,2784.98,1807455.02,0.986,0.762,0.732,0.771,0.727
PROV0028,643,0.1166,0.1726,0.3188,2549.54,2096.02,1347742.5,1.0,0.94,0.769,0.908,0.774
PROV0029,611,0.1293,0.1931,0.3584,4646.58,3844.14,2348769.33,1.002,0.703,0.625,0.64,0.773
PROV0030,607,0.1269,0.1796,0.3295,4372.78,3645.2,2212634.38,0.843,0.692,0.658,0.644,0.894
PROV0031,604,0.1175,0.1904,0.346,2488.82,2042.67,1233775.15,0.904,0.889,0.851,0.928,0.724
PROV0032,630,0.1317,0.1635,0.3159,3518.12,2909.66,1833082.8,1.049,0.612,0.55,0.743,0.942
PROV0033,615,0.1089,0.174,0.3707,3834.01,3173.06,1951433.25,0.902,0.568,0.56,0.583,0.742
PROV0034,629,0.1192,0.1844,0.3529,3489.77,2865.65,1802495.95,0.922,0.752,0.792,0.806,0.615
PROV0035,672,0.122,0.1756,0.3557,4525.58,3736.44,2510889.23,0.94,0.711,0.64,0.714,0.698
PROV0036,632,0.1313,0.1835,0.3228,3553.64,2916.27,1843080.3,0.905,0.69,0.626,0.748,0.94
PROV0037,633,0.0948,0.1912,0.3539,2999.46,2491.17,1576912.46,0.902,0.778,0.825,0.854,0.887
PROV0038,624,0.1346,0.1747,0.3654,3298.61,2698.1,1683611.68,0.949,0.678,0.592,0.669,0.669
PROV0039,640,0.1312,0.15,0.3672,3394.46,2805.66,1795620.21,0.97,0.751,0.659,0.781,0.76
PROV0040,651,0.1045,0.1859,0.3594,3451.33,2836.97,1846866.59,0.9,0.977,0.943,0.974,0.562
PROV0041,622,0.1158,0.1913,0.3521,2730.96,2269.7,1411755.48,0.995,0.848,0.777,0.953,0.714
PROV0042,682,0.1026,0.1701,0.3651,3479.53,2896.75,1975582.43,0.927,0.772,0.649,0.78,0.718
PROV0043,601,0.1082,0.1697,0.3561,3220.62,2668.47,1603752.69,0.945,0.608,0.657,0.631,0.754
PROV0044,658,0.1261,0.1824,0.3663,4963.8,4105.45,2701384.59,0.974,0.546,0.628,0.625,0.926
PROV0045,628,0.1258,0.1465,0.3392,4209.67,3499.9,2197936.9,0.957,0.573,0.471,0.597,0.936
PROV0046,575,0.1183,0.1583,0.3374,3183.46,2612.27,1502053.7,0.896,0.867,0.741,0.85,0.864
PROV0047,625,0.1376,0.1696,0.3264,3593.56,2986.83,1866765.84,1.002,0.815,0.709,0.912,0.877
PROV0048,613,0.106,0.1843,0.3556,3713.11,3057.72,1874380.75,0.967,0.86,0.819,0.812,0.834
PROV0049,591,0.154,0.1591,0.401,4559.21,3754.42,2218863.51,0.941,0.601,0.526,0.635,0.841
PROV0050,649,0.0924,0.1911,0.3359,3266.38,2709.92,1758735.35,0.988,0.648,0.608,0.654,0.812
PROV0051,633,0.1264,0.1991,0.3744,3307.85,2723.78,1724152.91,0.877,0.794,0.79,0.802,0.635
PROV0052,624,0.125,0.1843,0.3381,4070.63,3345.89,2087833.4,0.947,0.62,0.69,0.645,0.869
PROV0053,641,0.1186,0.1685,0.3417,3972.0,3278.07,2101242.56,0.913,0.594,0.604,0.602,0.766
PROV0054,650,0.1262,0.1938,0.3538,2704.5,2217.78,1441555.83,0.991,0.803,0.726,0.973,0.601
PROV0055,604,0.1391,0.1689,0.3526,3455.13,2875.84,1737009.89,0.965,0.88,0.874,0.955,0.831
PROV0056,638,0.1348,0.1928,0.3683,3222.7,2643.65,1686650.28,0.975,0.872,0.865,0.958,0.643
PROV0057,608,0.1069,0.1727,0.3668,2503.84,2074.18,1261102.61,1.043,0.814,0.679,0.791,0.639
PROV0058,593,0.1332,0.1703,0.3423,3202.66,2647.56,1570000.43,0.916,0.756,0.63,0.753,0.653
PROV0059,629,0.1113,0.1765,0.3529,3369.12,2806.45,1765256.82,1.037,0.837,0.817,0.787,0.648
PROV0060,652,0.1304,0.1733,0.3589,3481.2,2855.59,1861842.96,0.98,0.704,0.714,0.815,0.591
PROV0061,584,0.0976,0.1901,0.3322,3939.03,3248.25,1896979.25,0.981,0.674,0.564,0.711,0.83
PROV0062,619,0.1034,0.2036,0.3667,3746.02,3100.76,1919371.8,0.94,0.692,0.743,0.799,0.563
PROV0063,687,0.1077,0.1863,0.3537,3125.13,2559.86,1758621.67,0.958,0.771,0.659,0.745,0.612
PROV0064,653,0.121,0.1868,0.3507,3775.25,3079.63,2011000.39,0.919,0.766,0.666,0.827,0.613
PROV0065,602,0.113,0.1512,0.3754,3045.93,2486.93,1497133.07,0.895,0.723,0.655,0.744,0.886
PROV0066,613,0.106,0.1876,0.3703,4133.52,3397.3,2082545.45,0.966,0.628,0.622,0.718,0.756
PROV0067,638,0.1066,0.1661,0.3605,2452.19,2045.9,1305282.47,1.083,0.916,0.854,0.99,0.946
PROV0068,647,0.1144,0.1731,0.3338,4955.93,4156.24,2689089.55,0.901,0.659,0.587,0.651,0.856
PROV0069,600,0.1283,0.1767,0.3533,4461.68,3645.5,2187299.8,0.952,0.605,0.616,0.655,0.866
PROV0070,635,0.1433,0.1969,0.3323,3946.41,3243.82,2059823.18,1.052,0.821,0.864,0.804,0.757
PROV0071,621,0.1047,0.1707,0.3736,4146.66,3415.23,2120859.48,0.874,0.603,0.587,0.625,0.684
PROV0072,642,0.1121,0.1931,0.3551,2910.8,2408.46,1546232.09,0.864,0.72,0.707,0.751,0.819
PROV0073,617,0.1264,0.1669,0.3501,3794.64,3117.89,1923738.07,0.927,0.71,0.7,0.851,0.876
PROV0074,629,0.1113,0.2258,0.372,3351.6,2765.32,1739383.86,0.951,0.803,0.793,0.886,0.754
PROV0075,633,0.1201,0.1801,0.297,3627.27,3015.91,1909070.08,0.961,0.677,0.55,0.72,0.649
PROV0076,610,0.118,0.1852,0.3328,3389.28,2806.4,1711902.46,1.021,0.804,0.726,0.879,0.907
PROV0077,621,0.1127,0.1948,0.3961,2673.66,2211.12,1373103.73,0.955,0.873,0.882,0.858,0.897
PROV0078,622,0.1206,0.1801,0.3617,3293.19,2701.92,1680594.35,0.844,0.908,0.874,0.976,0.909
PROV0079,642,0.1075,0.1931,0.3442,3610.79,2984.15,1915823.63,0.921,0.686,0.745,0.721,0.878
PROV0080,620,0.1242,0.1935,0.3323,4154.35,3441.83,2133933.19,0.929,0.631,0.58,0.701,0.691
